{"cameraMode":{"drawMode":0,"name":"Shaded","section":"Shading Mode"},"sceneLighting":true,"audioPlay":false,"sceneViewState":{"m_AlwaysRefresh":false,"showFog":true,"showSkybox":true,"showFlares":true,"showImageEffects":true,"showParticleSystems":true,"showVisualEffectGraphs":true,"m_FxEnabled":true},"in2DMode":false,"pivot":{"x":-0.7876143455505371,"y":0.6509186029434204,"z":-4.609218597412109},"rotation":{"x":-0.00637324433773756,"y":0.9934302568435669,"z":-0.09176386892795563,"w":-0.06895206868648529},"size":4.526010990142822,"orthographic":false}